epoch,model_name,mAP50,mAP50_95,precision,recall,f1_score,loss,inference_time_ms,fps
-1,RT-DETR,0,0,0,0,0,0,13642.83037185669,0.07329857315113032
-1,RT-DETR,0,0,0,0,0,0,251.94811820983887,3.969071121091425
-1,RT-DETR,0,0,0,0,0,0,124.87459182739258,8.008034183465009
-1,RT-DETR,0,0,0,0,0,0,77.23331451416016,12.94778045317034
-1,RT-DETR,0,0,0,0,0,0,84.34581756591797,11.855952421333514
-1,RT-DETR,0,0,0,0,0,0,69.16141510009766,14.458929137766992
-1,RT-DETR,0,0,0,0,0,0,81.4211368560791,12.281823106543095
-1,RT-DETR,0,0,0,0,0,0,90.5613899230957,11.042233349655909
-1,RT-DETR,0,0,0,0,0,0,85.98446846008301,11.63000734794604
-1,RT-DETR,0,0,0,0,0,0,75.78587532043457,13.19507092544413
-1,RT-DETR,0,0,0,0,0,0,65.95897674560547,15.160938652169513
-1,RT-DETR,0,0,0,0,0,0,83.4801197052002,11.978899928885792
-1,RT-DETR,0,0,0,0,0,0,78.4149169921875,12.75267561782448
-1,RT-DETR,0,0,0,0,0,0,76.31492614746094,13.103596510959486
-1,RT-DETR,0,0,0,0,0,0,68.34197044372559,14.632296866878077
-1,RT-DETR,0,0,0,0,0,0,99.70736503601074,10.029349382955168
-1,RT-DETR,0,0,0,0,0,0,70.3582763671875,14.21296898720451
-1,RT-DETR,0,0,0,0,0,0,86.58623695373535,11.549179583059127
-1,RT-DETR,0,0,0,0,0,0,82.89933204650879,12.062823370385816
-1,RT-DETR,0,0,0,0,0,0,63.47846984863281,15.753372795288604
-1,RT-DETR,0,0,0,0,0,0,66.9405460357666,14.938629264626792
-1,RT-DETR,0,0,0,0,0,0,63.803911209106445,15.673020368965632
-1,RT-DETR,0,0,0,0,0,0,79.57839965820312,12.566224054455683
-1,RT-DETR,0,0,0,0,0,0,67.67845153808594,14.775751768452498
-1,RT-DETR,0,0,0,0,0,0,81.74467086791992,12.233213362810693
-1,RT-DETR,0,0,0,0,0,0,65.08350372314453,15.364876547732434
-1,RT-DETR,0,0,0,0,0,0,73.5318660736084,13.599546066177066
-1,RT-DETR,0,0,0,0,0,0,64.11862373352051,15.596092707105488
-1,RT-DETR,0,0,0,0,0,0,97.57614135742188,10.248406896282106
-1,RT-DETR,0,0,0,0,0,0,82.84187316894531,12.071190108903368
-1,RT-DETR,0,0,0,0,0,0,64.37540054321289,15.533883930224807
-1,RT-DETR,0,0,0,0,0,0,64.8033618927002,15.431298173322787
-1,RT-DETR,0,0,0,0,0,0,77.31032371520996,12.934883104146943
-1,RT-DETR,0,0,0,0,0,0,66.86091423034668,14.956421274092035
-1,RT-DETR,0,0,0,0,0,0,61.22565269470215,16.333023103672524
-1,RT-DETR,0,0,0,0,0,0,71.00939750671387,14.082643074185372
-1,RT-DETR,0,0,0,0,0,0,74.20682907104492,13.475848685605598
-1,RT-DETR,0,0,0,0,0,0,72.76296615600586,13.74325502146204
-1,RT-DETR,0,0,0,0,0,0,76.53450965881348,13.066001264762047
-1,RT-DETR,0,0,0,0,0,0,68.50385665893555,14.59771827123198
-1,RT-DETR,0,0,0,0,0,0,63.68589401245117,15.702064256246302
-1,RT-DETR,0,0,0,0,0,0,72.48282432556152,13.796371889544924
-1,RT-DETR,0,0,0,0,0,0,73.24790954589844,13.65226674999349
-1,RT-DETR,0,0,0,0,0,0,73.3180046081543,13.639214615079442
-1,RT-DETR,0,0,0,0,0,0,77.12912559509277,12.965270801198134
-1,RT-DETR,0,0,0,0,0,0,71.76542282104492,13.93428702417892
-1,RT-DETR,0,0,0,0,0,0,81.18844032287598,12.317024394398128
-1,RT-DETR,0,0,0,0,0,0,63.700199127197266,15.69853805328283
-1,RT-DETR,0,0,0,0,0,0,63.338518142700195,15.788181178268545
-1,RT-DETR,0,0,0,0,0,0,67.9166316986084,14.723933961237508
-1,RT-DETR,0,0,0,0,0,0,61.63215637207031,16.225296320366414
-1,RT-DETR,0,0,0,0,0,0,64.74518775939941,15.445163333468356
-1,RT-DETR,0,0,0,0,0,0,62.341928482055664,16.040568913228878
-1,RT-DETR,0,0,0,0,0,0,73.12846183776855,13.674566302494434
-1,RT-DETR,0,0,0,0,0,0,67.15059280395508,14.891901295934671
-1,RT-DETR,0,0,0,0,0,0,72.76010513305664,13.743795424309747
-1,RT-DETR,0,0,0,0,0,0,62.68882751464844,15.95180576261904
-1,RT-DETR,0,0,0,0,0,0,65.15288352966309,15.348514844238869
-1,RT-DETR,0,0,0,0,0,0,70.82605361938477,14.119098112877273
-1,RT-DETR,0,0,0,0,0,0,63.3695125579834,15.7804590825122
-1,RT-DETR,0,0,0,0,0,0,61.86556816101074,16.164080113148067
-1,RT-DETR,0,0,0,0,0,0,72.30114936828613,13.831038769608215
-1,RT-DETR,0,0,0,0,0,0,75.82449913024902,13.18834956340734
-1,RT-DETR,0,0,0,0,0,0,76.57289505004883,13.059451380888627
-1,RT-DETR,0,0,0,0,0,0,66.97654724121094,14.930599458920689
-1,RT-DETR,0,0,0,0,0,0,62.038421630859375,16.119043226956897
-1,RT-DETR,0,0,0,0,0,0,75.68192481994629,13.213194595394933
-1,RT-DETR,0,0,0,0,0,0,63.85684013366699,15.660029495771651
-1,RT-DETR,0,0,0,0,0,0,76.13015174865723,13.135400062008124
-1,RT-DETR,0,0,0,0,0,0,61.61618232727051,16.229502741480516
-1,RT-DETR,0,0,0,0,0,0,67.38042831420898,14.841104828493988
-1,RT-DETR,0,0,0,0,0,0,103.81555557250977,9.632467836687075
-1,RT-DETR,0,0,0,0,0,0,76.90286636352539,13.00341648220143
-1,RT-DETR,0,0,0,0,0,0,71.08664512634277,14.067339909243055
-1,RT-DETR,0,0,0,0,0,0,65.0026798248291,15.38398113269831
-1,RT-DETR,0,0,0,0,0,0,64.30411338806152,15.551104700957692
-1,RT-DETR,0,0,0,0,0,0,71.28167152404785,14.028851717690658
-1,RT-DETR,0,0,0,0,0,0,80.32655715942383,12.449182877529577
-1,RT-DETR,0,0,0,0,0,0,69.12469863891602,14.466609181526575
-1,RT-DETR,0,0,0,0,0,0,66.44082069396973,15.05098807562986
-1,RT-DETR,0,0,0,0,0,0,69.50187683105469,14.38810066137929
-1,RT-DETR,0,0,0,0,0,0,62.06822395324707,16.111303599620484
-1,RT-DETR,0,0,0,0,0,0,71.20466232299805,14.044024188525853
-1,RT-DETR,0,0,0,0,0,0,63.30227851867676,15.79721967993552
-1,RT-DETR,0,0,0,0,0,0,67.7638053894043,14.757140545066884
-1,RT-DETR,0,0,0,0,0,0,81.3906192779541,12.286428201079744
-1,RT-DETR,0,0,0,0,0,0,66.40815734863281,15.058391015883046
-1,RT-DETR,0,0,0,0,0,0,68.78376007080078,14.538315424610053
-1,RT-DETR,0,0,0,0,0,0,82.48734474182129,12.123071764886106
-1,RT-DETR,0,0,0,0,0,0,75.1488208770752,13.306928682696853
-1,RT-DETR,0,0,0,0,0,0,67.9476261138916,14.717217615871267
-1,RT-DETR,0,0,0,0,0,0,71.35319709777832,14.014788974762512
-1,RT-DETR,0,0,0,0,0,0,72.33595848083496,13.82438307311494
-1,RT-DETR,0,0,0,0,0,0,87.89277076721191,11.377500006781519
-1,RT-DETR,0,0,0,0,0,0,73.9443302154541,13.523687307549695
-1,RT-DETR,0,0,0,0,0,0,81.28499984741211,12.302392838496601
-1,RT-DETR,0,0,0,0,0,0,70.87254524230957,14.109836137266576
-1,RT-DETR,0,0,0,0,0,0,66.16783142089844,15.11308408520942
-1,RT-DETR,0,0,0,0,0,0,62.712907791137695,15.945680645688629
-1,RT-DETR,0,0,0,0,0,0,109.96866226196289,9.093499724656471
-1,RT-DETR,0,0,0,0,0,0,73.63724708557129,13.580083987087876
-1,RT-DETR,0,0,0,0,0,0,65.09757041931152,15.361556407692674
-1,RT-DETR,0,0,0,0,0,0,64.41354751586914,15.524684457933894
-1,RT-DETR,0,0,0,0,0,0,71.63810729980469,13.959051092947096
-1,RT-DETR,0,0,0,0,0,0,72.3259449005127,13.82629706912977
-1,RT-DETR,0,0,0,0,0,0,64.99862670898438,15.384940430776455
-1,RT-DETR,0,0,0,0,0,0,69.43035125732422,14.402922956471574
-1,RT-DETR,0,0,0,0,0,0,72.59583473205566,13.774894987996282
-1,RT-DETR,0,0,0,0,0,0,77.09050178527832,12.971766648832038
-1,RT-DETR,0,0,0,0,0,0,60.12320518493652,16.632513135719243
-1,RT-DETR,0,0,0,0,0,0,62.476396560668945,16.00604476330401
-1,RT-DETR,0,0,0,0,0,0,63.646793365478516,15.711710631794242
-1,RT-DETR,0,0,0,0,0,0,62.41941452026367,16.020656516657372
-1,RT-DETR,0,0,0,0,0,0,67.00444221496582,14.924383622085347
-1,RT-DETR,0,0,0,0,0,0,62.95490264892578,15.884386408737672
-1,RT-DETR,0,0,0,0,0,0,73.52828979492188,13.600207522697795
-1,RT-DETR,0,0,0,0,0,0,70.73354721069336,14.13756328409926
-1,RT-DETR,0,0,0,0,0,0,72.75032997131348,13.74564212140776
-1,RT-DETR,0,0,0,0,0,0,63.02452087402344,15.866840177949944
-1,RT-DETR,0,0,0,0,0,0,100.46124458312988,9.9540873114758
-1,RT-DETR,0,0,0,0,0,0,95.15070915222168,10.509643164090395
-1,RT-DETR,0,0,0,0,0,0,86.92359924316406,11.504355649178242
-1,RT-DETR,0,0,0,0,0,0,84.25688743591309,11.868465954912153
-1,RT-DETR,0,0,0,0,0,0,76.89785957336426,13.00426312966425
-1,RT-DETR,0,0,0,0,0,0,84.00177955627441,11.90450970541738
-1,RT-DETR,0,0,0,0,0,0,64.45550918579102,15.514577615352179
-1,RT-DETR,0,0,0,0,0,0,104.92587089538574,9.530538002367692
-1,RT-DETR,0,0,0,0,0,0,78.07445526123047,12.808286611210866
-1,RT-DETR,0,0,0,0,0,0,85.1442813873291,11.744769979922772
-1,RT-DETR,0,0,0,0,0,0,65.2306079864502,15.330226574121792
-1,RT-DETR,0,0,0,0,0,0,65.71149826049805,15.218036819610035
-1,RT-DETR,0,0,0,0,0,0,63.3845329284668,15.776719552837271
-1,RT-DETR,0,0,0,0,0,0,69.94080543518066,14.297805033526162
-1,RT-DETR,0,0,0,0,0,0,65.84763526916504,15.186574216557743
-1,RT-DETR,0,0,0,0,0,0,81.9246768951416,12.2063343781012
-1,RT-DETR,0,0,0,0,0,0,71.77591323852539,13.932250456734762
-1,RT-DETR,0,0,0,0,0,0,71.91991806030273,13.904353994974375
-1,RT-DETR,0,0,0,0,0,0,69.8859691619873,14.309023856879193
-1,RT-DETR,0,0,0,0,0,0,63.05289268493652,15.859700600840194
-1,RT-DETR,0,0,0,0,0,0,80.77239990234375,12.380466609993388
-1,RT-DETR,0,0,0,0,0,0,84.38801765441895,11.85002359096932
-1,RT-DETR,0,0,0,0,0,0,64.98551368713379,15.388044862034935
-1,RT-DETR,0,0,0,0,0,0,65.78373908996582,15.201325036152177
-1,RT-DETR,0,0,0,0,0,0,68.99094581604004,14.494655612729767
-1,RT-DETR,0,0,0,0,0,0,73.5464096069336,13.596856805715841
-1,RT-DETR,0,0,0,0,0,0,71.75159454345703,13.936972500232597
-1,RT-DETR,0,0,0,0,0,0,74.96118545532227,13.34023726980694
-1,RT-DETR,0,0,0,0,0,0,66.20240211486816,15.105192078451992
-1,RT-DETR,0,0,0,0,0,0,68.91942024230957,14.509698376512182
-1,RT-DETR,0,0,0,0,0,0,72.3569393157959,13.820374513570597
-1,RT-DETR,0,0,0,0,0,0,65.5059814453125,15.265781504775216
-1,RT-DETR,0,0,0,0,0,0,71.7020034790039,13.9466116911618
-1,RT-DETR,0,0,0,0,0,0,66.4210319519043,15.055472199289278
-1,RT-DETR,0,0,0,0,0,0,68.30692291259766,14.639804537521815
-1,RT-DETR,0,0,0,0,0,0,86.56454086303711,11.552074209949378
-1,RT-DETR,0,0,0,0,0,0,71.44331932067871,13.997110009844654
-1,RT-DETR,0,0,0,0,0,0,75.10185241699219,13.315250793650794
-1,RT-DETR,0,0,0,0,0,0,67.43049621582031,14.830085141289283
-1,RT-DETR,0,0,0,0,0,0,69.5955753326416,14.368729552422877
-1,RT-DETR,0,0,0,0,0,0,66.79272651672363,14.971690064929733
-1,RT-DETR,0,0,0,0,0,0,86.0593318939209,11.619890347657213
-1,RT-DETR,0,0,0,0,0,0,63.88235092163086,15.65377581715446
-1,RT-DETR,0,0,0,0,0,0,68.70031356811523,14.555974318931112
-1,RT-DETR,0,0,0,0,0,0,73.4100341796875,13.622115984202868
-1,RT-DETR,0,0,0,0,0,0,72.18360900878906,13.853560576033821
-1,RT-DETR,0,0,0,0,0,0,78.93252372741699,12.66904886322104
-1,RT-DETR,0,0,0,0,0,0,77.1336555480957,12.964509368760085
-1,RT-DETR,0,0,0,0,0,0,78.00149917602539,12.820266412358404
-1,RT-DETR,0,0,0,0,0,0,65.27328491210938,15.320203377944013
-1,RT-DETR,0,0,0,0,0,0,81.6187858581543,12.252081300718013
-1,RT-DETR,0,0,0,0,0,0,61.882972717285156,16.15953397340073
-1,RT-DETR,0,0,0,0,0,0,67.21830368041992,14.87690026743848
-1,RT-DETR,0,0,0,0,0,0,74.55563545227051,13.412802317809849
-1,RT-DETR,0,0,0,0,0,0,69.70620155334473,14.345925867653547
-1,RT-DETR,0,0,0,0,0,0,75.79731941223145,13.193078696640947
-1,RT-DETR,0,0,0,0,0,0,74.10860061645508,13.493710469253685
-1,RT-DETR,0,0,0,0,0,0,75.13570785522461,13.309251067772623
-1,RT-DETR,0,0,0,0,0,0,75.35409927368164,13.270678166665611
-1,RT-DETR,0,0,0,0,0,0,79.24485206604004,12.619116244505486
-1,RT-DETR,0,0,0,0,0,0,65.28997421264648,15.316287256341155
-1,RT-DETR,0,0,0,0,0,0,81.49480819702148,12.270720333280673
-1,RT-DETR,0,0,0,0,0,0,88.55605125427246,11.292283088918264
-1,RT-DETR,0,0,0,0,0,0,73.12917709350586,13.67443255544036
-1,RT-DETR,0,0,0,0,0,0,67.72541999816895,14.76550459232348
-1,RT-DETR,0,0,0,0,0,0,89.44010734558105,11.180666366333545
-1,RT-DETR,0,0,0,0,0,0,86.13467216491699,11.609726662514705
-1,RT-DETR,0,0,0,0,0,0,85.66403388977051,11.673510510686027
-1,RT-DETR,0,0,0,0,0,0,64.34965133666992,15.540099739905596
-1,RT-DETR,0,0,0,0,0,0,74.19109344482422,13.47870685776721
-1,RT-DETR,0,0,0,0,0,0,69.10848617553711,14.47000296692909
-1,RT-DETR,0,0,0,0,0,0,63.27557563781738,15.803886253424116
-1,RT-DETR,0,0,0,0,0,0,78.12952995300293,12.799257855532058
-1,RT-DETR,0,0,0,0,0,0,63.591957092285156,15.725259069300101
-1,RT-DETR,0,0,0,0,0,0,65.50788879394531,15.265337021400494
-1,RT-DETR,0,0,0,0,0,0,76.02238655090332,13.154020090258765
-1,RT-DETR,0,0,0,0,0,0,73.71354103088379,13.566028520879625
-1,RT-DETR,0,0,0,0,0,0,60.506582260131836,16.527127506570576
-1,RT-DETR,0,0,0,0,0,0,72.74341583251953,13.746948621471741
-1,RT-DETR,0,0,0,0,0,0,73.55594635009766,13.595093933539914
-1,RT-DETR,0,0,0,0,0,0,70.60933113098145,14.162434114338003
-1,RT-DETR,0,0,0,0,0,0,65.34504890441895,15.303378247718706
-1,RT-DETR,0,0,0,0,0,0,64.3301010131836,15.544822474242087
-1,RT-DETR,0,0,0,0,0,0,77.82959938049316,12.84858213275906
-1,RT-DETR,0,0,0,0,0,0,65.29784202575684,15.314441779033807
-1,RT-DETR,0,0,0,0,0,0,69.77605819702148,14.331563373447867
-1,RT-DETR,0,0,0,0,0,0,67.65484809875488,14.780906736207777
-1,RT-DETR,0,0,0,0,0,0,67.48652458190918,14.817772973125743
-1,RT-DETR,0,0,0,0,0,0,88.30380439758301,11.32454039576319
-1,RT-DETR,0,0,0,0,0,0,76.14421844482422,13.132973460416066
-1,RT-DETR,0,0,0,0,0,0,93.94097328186035,10.644982323097734
-1,RT-DETR,0,0,0,0,0,0,74.73492622375488,13.3806247029136
-1,RT-DETR,0,0,0,0,0,0,64.27264213562012,15.55871933644683
-1,RT-DETR,0,0,0,0,0,0,82.29780197143555,12.150992809590303
-1,RT-DETR,0,0,0,0,0,0,74.1429328918457,13.487462135585154
-1,RT-DETR,0,0,0,0,0,0,84.20467376708984,11.875825358174302
-1,RT-DETR,0,0,0,0,0,0,78.75657081604004,12.697353244795341
-1,RT-DETR,0,0,0,0,0,0,72.08609580993652,13.872300736561149
-1,RT-DETR,0,0,0,0,0,0,75.7906436920166,13.194240756993793
-1,RT-DETR,0,0,0,0,0,0,66.32709503173828,15.07679477778257
-1,RT-DETR,0,0,0,0,0,0,69.24796104431152,14.440858401016364
-1,RT-DETR,0,0,0,0,0,0,72.0517635345459,13.878910812787261
-1,RT-DETR,0,0,0,0,0,0,65.65594673156738,15.230912808073178
-1,RT-DETR,0,0,0,0,0,0,90.27814865112305,11.07687757160891
-1,RT-DETR,0,0,0,0,0,0,66.85113906860352,14.95860824411364
-1,RT-DETR,0,0,0,0,0,0,73.08769226074219,13.68219421174874
-1,RT-DETR,0,0,0,0,0,0,84.00940895080566,11.903428586023992
-1,RT-DETR,0,0,0,0,0,0,72.6466178894043,13.765265735046045
-1,RT-DETR,0,0,0,0,0,0,63.03834915161133,15.863359581243712
-1,RT-DETR,0,0,0,0,0,0,72.7536678314209,13.74501148611671
-1,RT-DETR,0,0,0,0,0,0,82.5951099395752,12.107254300303959
-1,RT-DETR,0,0,0,0,0,0,75.25157928466797,13.288757651412423
-1,RT-DETR,0,0,0,0,0,0,72.34358787536621,13.822925146079339
-1,RT-DETR,0,0,0,0,0,0,96.93336486816406,10.316365282068436
-1,RT-DETR,0,0,0,0,0,0,64.42713737487793,15.521409777705411
-1,RT-DETR,0,0,0,0,0,0,85.93201637268066,11.637106194076438
-1,RT-DETR,0,0,0,0,0,0,92.04483032226562,10.864271208918728
-1,RT-DETR,0,0,0,0,0,0,70.16372680664062,14.252378622301963
-1,RT-DETR,0,0,0,0,0,0,73.14276695251465,13.671891858414579
-1,RT-DETR,0,0,0,0,0,0,77.44908332824707,12.911708661053733
-1,RT-DETR,0,0,0,0,0,0,83.90212059020996,11.918649885908653
-1,RT-DETR,0,0,0,0,0,0,65.70315361022949,15.21996959129687
-1,RT-DETR,0,0,0,0,0,0,75.88386535644531,13.178031921578484
-1,RT-DETR,0,0,0,0,0,0,71.8681812286377,13.914363532014981
-1,RT-DETR,0,0,0,0,0,0,70.22476196289062,14.239991308599055
-1,RT-DETR,0,0,0,0,0,0,78.77302169799805,12.694701541776887
-1,RT-DETR,0,0,0,0,0,0,74.14865493774414,13.486421309187723
-1,RT-DETR,0,0,0,0,0,0,74.6316909790039,13.399133623829178
-1,RT-DETR,0,0,0,0,0,0,85.46614646911621,11.70053923469402
-1,RT-DETR,0,0,0,0,0,0,99.8377799987793,10.016248358208955
-1,RT-DETR,0,0,0,0,0,0,77.38375663757324,12.9226086125994
-1,RT-DETR,0,0,0,0,0,0,69.05746459960938,14.48069380765619
-1,RT-DETR,0,0,0,0,0,0,67.24095344543457,14.871889061054006
-1,RT-DETR,0,0,0,0,0,0,82.91029930114746,12.061227717533523
-1,RT-DETR,0,0,0,0,0,0,67.06666946411133,14.910536157384696
-1,RT-DETR,0,0,0,0,0,0,72.26896286010742,13.837198714691969
-1,RT-DETR,0,0,0,0,0,0,73.29249382019043,13.643961992251416
-1,RT-DETR,0,0,0,0,0,0,70.58525085449219,14.167265652444133
-1,RT-DETR,0,0,0,0,0,0,77.04567909240723,12.979313204581112
-1,RT-DETR,0,0,0,0,0,0,75.74105262756348,13.202879618233386
-1,RT-DETR,0,0,0,0,0,0,78.27520370483398,12.775437848375011
-1,RT-DETR,0,0,0,0,0,0,89.04767036437988,11.229940052424007
-1,RT-DETR,0,0,0,0,0,0,75.37269592285156,13.267403902118076
-1,RT-DETR,0,0,0,0,0,0,81.46500587463379,12.275209327780525
-1,RT-DETR,0,0,0,0,0,0,78.85122299194336,12.682111475964998
-1,RT-DETR,0,0,0,0,0,0,85.41584014892578,11.707430357840675
-1,RT-DETR,0,0,0,0,0,0,68.70794296264648,14.554358009868764
-1,RT-DETR,0,0,0,0,0,0,67.42978096008301,14.830242450171664
-1,RT-DETR,0,0,0,0,0,0,69.61870193481445,14.363956411257456
-1,RT-DETR,0,0,0,0,0,0,69.51522827148438,14.385337211216594
-1,RT-DETR,0,0,0,0,0,0,86.8990421295166,11.507606706522425
-1,RT-DETR,0,0,0,0,0,0,65.22059440612793,15.332580285500173
-1,RT-DETR,0,0,0,0,0,0,80.50990104675293,12.420832555977055
-1,RT-DETR,0,0,0,0,0,0,70.16968727111816,14.251167974231516
-1,RT-DETR,0,0,0,0,0,0,87.95309066772461,11.369697101127128
-1,RT-DETR,0,0,0,0,0,0,76.83086395263672,13.015602696026711
-1,RT-DETR,0,0,0,0,0,0,79.59985733032227,12.562836587133761
-1,RT-DETR,0,0,0,0,0,0,66.46943092346191,15.044509725853949
-1,RT-DETR,0,0,0,0,0,0,75.65045356750488,13.21869140027923
-1,RT-DETR,0,0,0,0,0,0,90.03424644470215,11.106884763168278
-1,RT-DETR,0,0,0,0,0,0,84.34104919433594,11.856622718740812
-1,RT-DETR,0,0,0,0,0,0,61.54632568359375,16.24792363951903
-1,RT-DETR,0,0,0,0,0,0,76.09796524047852,13.140955830289055
-1,RT-DETR,0,0,0,0,0,0,79.79464530944824,12.53216924672003
-1,RT-DETR,0,0,0,0,0,0,67.57569313049316,14.798220390709622
-1,RT-DETR,0,0,0,0,0,0,61.461687088012695,16.270298577518822
-1,RT-DETR,0,0,0,0,0,0,74.12075996398926,13.491496855750519
-1,RT-DETR,0,0,0,0,0,0,73.24671745300293,13.652488941113669
-1,RT-DETR,0,0,0,0,0,0,71.84720039367676,13.918426807455807
-1,RT-DETR,0,0,0,0,0,0,95.1223373413086,10.512777839046349
-1,RT-DETR,0,0,0,0,0,0,77.74472236633301,12.86260944232332
-1,RT-DETR,0,0,0,0,0,0,72.18575477600098,13.85314877018453
-1,RT-DETR,0,0,0,0,0,0,75.592041015625,13.228905934598304
-1,RT-DETR,0,0,0,0,0,0,87.17751502990723,11.470847725551007
-1,RT-DETR,0,0,0,0,0,0,73.05169105529785,13.688937046550109
-1,RT-DETR,0,0,0,0,0,0,64.02468681335449,15.618975269886311
-1,RT-DETR,0,0,0,0,0,0,76.08318328857422,13.143508943456299
-1,RT-DETR,0,0,0,0,0,0,78.66454124450684,12.712207866207194
-1,RT-DETR,0,0,0,0,0,0,74.24068450927734,13.469703392552058
-1,RT-DETR,0,0,0,0,0,0,67.13485717773438,14.895391783624069
-1,RT-DETR,0,0,0,0,0,0,68.43423843383789,14.61256854588655
-1,RT-DETR,0,0,0,0,0,0,61.3858699798584,16.290393869600848
-1,RT-DETR,0,0,0,0,0,0,108.11400413513184,9.249495548699674
-1,RT-DETR,0,0,0,0,0,0,70.36566734313965,14.211476104155725
-1,RT-DETR,0,0,0,0,0,0,91.93301200866699,10.877485444572674
-1,RT-DETR,0,0,0,0,0,0,69.96369361877441,14.293127596277378
-1,RT-DETR,0,0,0,0,0,0,63.643455505371094,15.712534651981718
-1,RT-DETR,0,0,0,0,0,0,81.7108154296875,12.23828197945845
-1,RT-DETR,0,0,0,0,0,0,74.20825958251953,13.475588911878479
-1,RT-DETR,0,0,0,0,0,0,66.73502922058105,14.984634182067616
-1,RT-DETR,0,0,0,0,0,0,77.16870307922363,12.958621307570388
-1,RT-DETR,0,0,0,0,0,0,77.33392715454102,12.930935189695465
-1,RT-DETR,0,0,0,0,0,0,81.10260963439941,12.330059470439693
-1,RT-DETR,0,0,0,0,0,0,77.94928550720215,12.828853959252836
-1,RT-DETR,0,0,0,0,0,0,69.70524787902832,14.346122141843244
-1,RT-DETR,0,0,0,0,0,0,98.07395935058594,10.196386549718975
-1,RT-DETR,0,0,0,0,0,0,84.83290672302246,11.787878532383402
-1,RT-DETR,0,0,0,0,0,0,67.34514236450195,14.848880927262043
-1,RT-DETR,0,0,0,0,0,0,90.61717987060547,11.035435018259506
-1,RT-DETR,0,0,0,0,0,0,77.27360725402832,12.94102909823547
-1,RT-DETR,0,0,0,0,0,0,73.7760066986084,13.55454225226943
-1,RT-DETR,0,0,0,0,0,0,82.26633071899414,12.155641211418635
-1,RT-DETR,0,0,0,0,0,0,69.28253173828125,14.433652681422751
-1,RT-DETR,0,0,0,0,0,0,73.40502738952637,13.623045117788251
-1,RT-DETR,0,0,0,0,0,0,70.0540542602539,14.274691316008004
-1,RT-DETR,0,0,0,0,0,0,63.886165618896484,15.652841116891453
-1,RT-DETR,0,0,0,0,0,0,76.12156867980957,13.136881140827557
-1,RT-DETR,0,0,0,0,0,0,73.8840103149414,13.534728227898752
-1,RT-DETR,0,0,0,0,0,0,88.64617347717285,11.280802777770306
-1,RT-DETR,0,0,0,0,0,0,71.78640365600586,13.930214484513142
-1,RT-DETR,0,0,0,0,0,0,63.05646896362305,15.858801110111237
-1,RT-DETR,0,0,0,0,0,0,71.93660736083984,13.901128183372883
-1,RT-DETR,0,0,0,0,0,0,96.1461067199707,10.400837164551438
-1,RT-DETR,0,0,0,0,0,0,73.61865043640137,13.583514422936792
-1,RT-DETR,0,0,0,0,0,0,75.01363754272461,13.330909322060833
-1,RT-DETR,0,0,0,0,0,0,71.1822509765625,14.048445873526259
-1,RT-DETR,0,0,0,0,0,0,114.94874954223633,8.699529172629788
-1,RT-DETR,0,0,0,0,0,0,66.00332260131836,15.150752425606312
-1,RT-DETR,0,0,0,0,0,0,81.43281936645508,12.280061132353888
-1,RT-DETR,0,0,0,0,0,0,65.3841495513916,15.294226610900632
-1,RT-DETR,0,0,0,0,0,0,73.9438533782959,13.52377451691639
-1,RT-DETR,0,0,0,0,0,0,86.91954612731934,11.504892104880584
-1,RT-DETR,0,0,0,0,0,0,64.74900245666504,15.444253379336248
-1,RT-DETR,0,0,0,0,0,0,72.76105880737305,13.743615285305163
-1,RT-DETR,0,0,0,0,0,0,68.9237117767334,14.508794930245912
-1,RT-DETR,0,0,0,0,0,0,66.43033027648926,15.053364868696367
-1,RT-DETR,0,0,0,0,0,0,76.5070915222168,13.070683777197454
-1,RT-DETR,0,0,0,0,0,0,73.68850708007812,13.570637262514884
-1,RT-DETR,0,0,0,0,0,0,69.45943832397461,14.396891540293959
-1,RT-DETR,0,0,0,0,0,0,68.81451606750488,14.531817662119884
-1,RT-DETR,0,0,0,0,0,0,68.28975677490234,14.643484575530325
-1,RT-DETR,0,0,0,0,0,0,69.26441192626953,14.437428575362459
-1,RT-DETR,0,0,0,0,0,0,67.18277931213379,14.884766754795322
-1,RT-DETR,0,0,0,0,0,0,66.31135940551758,15.080372487685615
-1,RT-DETR,0,0,0,0,0,0,66.72954559326172,14.985865572880193
-1,RT-DETR,0,0,0,0,0,0,86.79652214050293,11.521198952893963
-1,RT-DETR,0,0,0,0,0,0,80.81173896789551,12.374439812479164
-1,RT-DETR,0,0,0,0,0,0,75.56796073913574,13.233121421021911
-1,RT-DETR,0,0,0,0,0,0,72.52097129821777,13.789114818772088
-1,RT-DETR,0,0,0,0,0,0,74.74923133850098,13.378063989334049
-1,RT-DETR,0,0,0,0,0,0,71.6552734375,13.955706984667803
-1,RT-DETR,0,0,0,0,0,0,80.1079273223877,12.483159075825082
-1,RT-DETR,0,0,0,0,0,0,69.96679306030273,14.292494428580191
-1,RT-DETR,0,0,0,0,0,0,81.3593864440918,12.291144804627747
-1,RT-DETR,0,0,0,0,0,0,69.37503814697266,14.414406488418448
-1,RT-DETR,0,0,0,0,0,0,81.60567283630371,12.254050058577944
-1,RT-DETR,0,0,0,0,0,0,71.82979583740234,13.921799280394056
-1,RT-DETR,0,0,0,0,0,0,67.31367111206055,14.85582324480934
-1,RT-DETR,0,0,0,0,0,0,82.23843574523926,12.159764360035137
-1,RT-DETR,0,0,0,0,0,0,77.59833335876465,12.886874713876198
-1,RT-DETR,0,0,0,0,0,0,91.02535247802734,10.985950317977517
-1,RT-DETR,0,0,0,0,0,0,65.59276580810547,15.245583681065442
-1,RT-DETR,0,0,0,0,0,0,67.81315803527832,14.74640068347461
-1,RT-DETR,0,0,0,0,0,0,74.65243339538574,13.395410631876468
-1,RT-DETR,0,0,0,0,0,0,64.86058235168457,15.417684574243232
-1,RT-DETR,0,0,0,0,0,0,73.11701774597168,13.67670661123339
-1,RT-DETR,0,0,0,0,0,0,72.77917861938477,13.740193541201213
-1,RT-DETR,0,0,0,0,0,0,86.66682243347168,11.538440800314712
-1,RT-DETR,0,0,0,0,0,0,77.14247703552246,12.963026835909371
-1,RT-DETR,0,0,0,0,0,0,68.35532188415527,14.629438826939376
-1,RT-DETR,0,0,0,0,0,0,95.13473510742188,10.511407835117687
-1,RT-DETR,0,0,0,0,0,0,69.51498985290527,14.385386549232251
-1,RT-DETR,0,0,0,0,0,0,67.58904457092285,14.795297172024311
-1,RT-DETR,0,0,0,0,0,0,74.30291175842285,13.45842277690607
-1,RT-DETR,0,0,0,0,0,0,72.87454605102539,13.72221240733107
-1,RT-DETR,0,0,0,0,0,0,83.76312255859375,11.938427907824028
-1,RT-DETR,0,0,0,0,0,0,69.80562210083008,14.325493705300117
-1,RT-DETR,0,0,0,0,0,0,68.34149360656738,14.63239896038654
-1,RT-DETR,0,0,0,0,0,0,75.55246353149414,13.235835778976933
-1,RT-DETR,0,0,0,0,0,0,66.72286987304688,14.987364930535705
-1,RT-DETR,0,0,0,0,0,0,78.23657989501953,12.781744822458158
-1,RT-DETR,0,0,0,0,0,0,72.21245765686035,13.848026122470541
-1,RT-DETR,0,0,0,0,0,0,76.79986953735352,13.020855452282055
-1,RT-DETR,0,0,0,0,0,0,74.00846481323242,13.511967888046287
-1,RT-DETR,0,0,0,0,0,0,77.21614837646484,12.950658910420294
-1,RT-DETR,0,0,0,0,0,0,101.9446849822998,9.809241160278493
-1,RT-DETR,0,0,0,0,0,0,70.55187225341797,14.173968288298031
-1,RT-DETR,0,0,0,0,0,0,79.39577102661133,12.595129275397134
-1,RT-DETR,0,0,0,0,0,0,67.23904609680176,14.872310927200457
-1,RT-DETR,0,0,0,0,0,0,66.90430641174316,14.94672097556456
-1,RT-DETR,0,0,0,0,0,0,83.65201950073242,11.954284020498088
-1,RT-DETR,0,0,0,0,0,0,82.25011825561523,12.15803723092799
-1,RT-DETR,0,0,0,0,0,0,70.79887390136719,14.124518440690752
-1,RT-DETR,0,0,0,0,0,0,69.93722915649414,14.298536159652006
-1,RT-DETR,0,0,0,0,0,0,71.46859169006348,13.992160421135505
-1,RT-DETR,0,0,0,0,0,0,68.45426559448242,14.608293454259224
-1,RT-DETR,0,0,0,0,0,0,71.92158699035645,13.904031346445182
-1,RT-DETR,0,0,0,0,0,0,76.30562782287598,13.105193267280947
-1,RT-DETR,0,0,0,0,0,0,107.26165771484375,9.322995945657587
-1,RT-DETR,0,0,0,0,0,0,83.46939086914062,11.980439650838628
-1,RT-DETR,0,0,0,0,0,0,85.80899238586426,11.653790263649979
-1,RT-DETR,0,0,0,0,0,0,94.8486328125,10.543114543114543
-1,RT-DETR,0,0,0,0,0,0,67.45028495788574,14.825734251891964
-1,RT-DETR,0,0,0,0,0,0,61.4933967590332,16.261908639045913
-1,RT-DETR,0,0,0,0,0,0,75.87242126464844,13.180019608336057
-1,RT-DETR,0,0,0,0,0,0,69.76103782653809,14.334649127303921
-1,RT-DETR,0,0,0,0,0,0,67.85035133361816,14.738317198727973
-1,RT-DETR,0,0,0,0,0,0,88.19723129272461,11.338224401637085
-1,RT-DETR,0,0,0,0,0,0,79.24079895019531,12.619761704176195
-1,RT-DETR,0,0,0,0,0,0,92.48232841491699,10.812876547761144
-1,RT-DETR,0,0,0,0,0,0,104.30288314819336,9.587462683837815
-1,RT-DETR,0,0,0,0,0,0,77.11958885192871,12.966874109248971
-1,RT-DETR,0,0,0,0,0,0,83.69255065917969,11.948494724127714
-1,RT-DETR,0,0,0,0,0,0,85.00075340270996,11.76460160608551
-1,RT-DETR,0,0,0,0,0,0,78.12738418579102,12.799609386920565
-1,RT-DETR,0,0,0,0,0,0,94.92373466491699,10.53477303152919
-1,RT-DETR,0,0,0,0,0,0,92.56100654602051,10.803685453688416
-1,RT-DETR,0,0,0,0,0,0,79.41198348999023,12.592557899350902
-1,RT-DETR,0,0,0,0,0,0,83.84370803833008,11.926953416025434
-1,RT-DETR,0,0,0,0,0,0,66.25962257385254,15.092147542576274
-1,RT-DETR,0,0,0,0,0,0,75.92511177062988,13.17087293886382
-1,RT-DETR,0,0,0,0,0,0,75.42800903320312,13.257674606787033
-1,RT-DETR,0,0,0,0,0,0,69.28324699401855,14.43350367349748
-1,RT-DETR,0,0,0,0,0,0,73.74429702758789,13.560370636198456
-1,RT-DETR,0,0,0,0,0,0,60.791015625,16.449799196787147
-1,RT-DETR,0,0,0,0,0,0,73.1816291809082,13.664631563858137
-1,RT-DETR,0,0,0,0,0,0,64.61739540100098,15.475708882944378
-1,RT-DETR,0,0,0,0,0,0,73.38285446166992,13.627161376263036
-1,RT-DETR,0,0,0,0,0,0,65.15026092529297,15.34913269413745
-1,RT-DETR,0,0,0,0,0,0,63.77983093261719,15.678937767277729
-1,RT-DETR,0,0,0,0,0,0,63.794851303100586,15.675246192656264
-1,RT-DETR,0,0,0,0,0,0,76.71236991882324,13.035707292815962
-1,RT-DETR,0,0,0,0,0,0,66.06459617614746,15.136700409606814
-1,RT-DETR,0,0,0,0,0,0,63.56191635131836,15.732691167975753
-1,RT-DETR,0,0,0,0,0,0,73.36282730102539,13.630881425776552
-1,RT-DETR,0,0,0,0,0,0,84.55252647399902,11.82696770518753
-1,RT-DETR,0,0,0,0,0,0,65.81497192382812,15.194111169072045
-1,RT-DETR,0,0,0,0,0,0,96.86517715454102,10.323627431193112
-1,RT-DETR,0,0,0,0,0,0,71.16127014160156,14.052587847436275
-1,RT-DETR,0,0,0,0,0,0,78.92966270446777,12.669508087779976
-1,RT-DETR,0,0,0,0,0,0,70.93596458435059,14.09722142864345
-1,RT-DETR,0,0,0,0,0,0,75.95181465148926,13.166242368119535
-1,RT-DETR,0,0,0,0,0,0,66.79987907409668,14.970086980109144
-1,RT-DETR,0,0,0,0,0,0,75.50430297851562,13.24427828020007
-1,RT-DETR,0,0,0,0,0,0,64.7120475769043,15.453073074400749
-1,RT-DETR,0,0,0,0,0,0,73.31633567810059,13.639525090159376
-1,RT-DETR,0,0,0,0,0,0,76.40504837036133,13.088140395548981
-1,RT-DETR,0,0,0,0,0,0,65.10043144226074,15.360881300562898
-1,RT-DETR,0,0,0,0,0,0,74.77498054504395,13.373457173922054
-1,RT-DETR,0,0,0,0,0,0,70.44053077697754,14.196372301141652
-1,RT-DETR,0,0,0,0,0,0,73.06313514709473,13.686792908444799
-1,RT-DETR,0,0,0,0,0,0,77.02517509460449,12.982768280263846
-1,RT-DETR,0,0,0,0,0,0,61.21420860290527,16.336076587822443
-1,RT-DETR,0,0,0,0,0,0,71.71344757080078,13.944386079231885
-1,RT-DETR,0,0,0,0,0,0,79.02073860168457,12.654905758862167
-1,RT-DETR,0,0,0,0,0,0,92.66209602355957,10.791899200572233
-1,RT-DETR,0,0,0,0,0,0,74.70917701721191,13.385236458562707
-1,RT-DETR,0,0,0,0,0,0,75.76370239257812,13.198932581441015
-1,RT-DETR,0,0,0,0,0,0,83.39214324951172,11.991537344327162
-1,RT-DETR,0,0,0,0,0,0,61.28358840942383,16.31758234062916
-1,RT-DETR,0,0,0,0,0,0,65.41657447814941,15.286645746545812
-1,RT-DETR,0,0,0,0,0,0,69.488525390625,14.39086517347387
-1,RT-DETR,0,0,0,0,0,0,71.98739051818848,13.891321699559843
-1,RT-DETR,0,0,0,0,0,0,70.27459144592285,14.229894182586776
-1,RT-DETR,0,0,0,0,0,0,65.62209129333496,15.238770668400917
-1,RT-DETR,0,0,0,0,0,0,74.2485523223877,13.468276063592372
-1,RT-DETR,0,0,0,0,0,0,69.00835037231445,14.49099992399168
-1,RT-DETR,0,0,0,0,0,0,63.89641761779785,15.65032966294902
-1,RT-DETR,0,0,0,0,0,0,73.54903221130371,13.596371970293724
-1,RT-DETR,0,0,0,0,0,0,69.47517395019531,14.39363074811256
-1,RT-DETR,0,0,0,0,0,0,63.90857696533203,15.64735200632713
-1,RT-DETR,0,0,0,0,0,0,71.54536247253418,13.977146322850677
-1,RT-DETR,0,0,0,0,0,0,64.26358222961426,15.560912811038024
-1,RT-DETR,0,0,0,0,0,0,63.30084800720215,15.797576675216476
-1,RT-DETR,0,0,0,0,0,0,80.0018310546875,12.49971390425329
-1,RT-DETR,0,0,0,0,0,0,68.17245483398438,14.668681103463712
-1,RT-DETR,0,0,0,0,0,0,65.25182723999023,15.325241334960502
-1,RT-DETR,0,0,0,0,0,0,63.475608825683594,15.754082843792725
-1,RT-DETR,0,0,0,0,0,0,64.10932540893555,15.5983547420173
-1,RT-DETR,0,0,0,0,0,0,82.24034309387207,12.159482346256317
-1,RT-DETR,0,0,0,0,0,0,75.69646835327148,13.210655949403769
-1,RT-DETR,0,0,0,0,0,0,74.92685317993164,13.346349907403283
-1,RT-DETR,0,0,0,0,0,0,73.22883605957031,13.655822676008647
-1,RT-DETR,0,0,0,0,0,0,74.1262435913086,13.490498797071803
-1,RT-DETR,0,0,0,0,0,0,67.84248352050781,14.740026427507098
-1,RT-DETR,0,0,0,0,0,0,61.3093376159668,16.3107291464126
-1,RT-DETR,0,0,0,0,0,0,88.73558044433594,11.269436622745738
-1,RT-DETR,0,0,0,0,0,0,69.98658180236816,14.288453218416256
-1,RT-DETR,0,0,0,0,0,0,66.36619567871094,15.067912056329932
-1,RT-DETR,0,0,0,0,0,0,63.425540924072266,15.766519062046568
-1,RT-DETR,0,0,0,0,0,0,62.673091888427734,15.955810857077642
-1,RT-DETR,0,0,0,0,0,0,85.53242683410645,11.691472310724212
-1,RT-DETR,0,0,0,0,0,0,83.26029777526855,12.010526345931922
-1,RT-DETR,0,0,0,0,0,0,84.78951454162598,11.793911138730095
-1,RT-DETR,0,0,0,0,0,0,66.9407844543457,14.93857605869573
-1,RT-DETR,0,0,0,0,0,0,63.33637237548828,15.788716064625902
-1,RT-DETR,0,0,0,0,0,0,63.5371208190918,15.73883089300322
-1,RT-DETR,0,0,0,0,0,0,64.80097770690918,15.431865928365129
-1,RT-DETR,0,0,0,0,0,0,65.58370590209961,15.247689746181083
-1,RT-DETR,0,0,0,0,0,0,62.86883354187012,15.906132556666705
-1,RT-DETR,0,0,0,0,0,0,62.470197677612305,16.007633034245607
-1,RT-DETR,0,0,0,0,0,0,70.25766372680664,14.233322700402468
-1,RT-DETR,0,0,0,0,0,0,64.30864334106445,15.550009268527788
-1,RT-DETR,0,0,0,0,0,0,64.3312931060791,15.544534420457705
-1,RT-DETR,0,0,0,0,0,0,63.724517822265625,15.692547141574378
-1,RT-DETR,0,0,0,0,0,0,63.10558319091797,15.84645841834036
-1,RT-DETR,0,0,0,0,0,0,69.44060325622559,14.400796552848877
-1,RT-DETR,0,0,0,0,0,0,80.39426803588867,12.43869773842075
-1,RT-DETR,0,0,0,0,0,0,68.59850883483887,14.577576349475017
-1,RT-DETR,0,0,0,0,0,0,63.820838928222656,15.668863286561766
-1,RT-DETR,0,0,0,0,0,0,64.24307823181152,15.565879274832533
-1,RT-DETR,0,0,0,0,0,0,64.09764289855957,15.601197716156149
-1,RT-DETR,0,0,0,0,0,0,62.33787536621094,16.041611847137656
-1,RT-DETR,0,0,0,0,0,0,64.83030319213867,15.424885443405733
-1,RT-DETR,0,0,0,0,0,0,68.61639022827148,14.573777441121898
-1,RT-DETR,0,0,0,0,0,0,62.61253356933594,15.97124318396442
-1,RT-DETR,0,0,0,0,0,0,81.38585090637207,12.287148059070123
-1,RT-DETR,0,0,0,0,0,0,75.71601867675781,13.20724487996574
-1,RT-DETR,0,0,0,0,0,0,80.51037788391113,12.420758991367695
-1,RT-DETR,0,0,0,0,0,0,66.6205883026123,15.010374802721284
-1,RT-DETR,0,0,0,0,0,0,63.5380744934082,15.73859466112316
-1,RT-DETR,0,0,0,0,0,0,65.14286994934082,15.350874175142463
-1,RT-DETR,0,0,0,0,0,0,66.63012504577637,15.008226373775795
-1,RT-DETR,0,0,0,0,0,0,72.52907752990723,13.787573674677606
-1,RT-DETR,0,0,0,0,0,0,65.34504890441895,15.303378247718706
-1,RT-DETR,0,0,0,0,0,0,59.296607971191406,16.864371069688147
-1,RT-DETR,0,0,0,0,0,0,71.06995582580566,14.07064333135406
-1,RT-DETR,0,0,0,0,0,0,83.74285697937012,11.941316979982519
-1,RT-DETR,0,0,0,0,0,0,74.5992660522461,13.404957621160017
-1,RT-DETR,0,0,0,0,0,0,68.38512420654297,14.623063299259487
-1,RT-DETR,0,0,0,0,0,0,69.82994079589844,14.32050476632706
-1,RT-DETR,0,0,0,0,0,0,66.59650802612305,15.015802324166028
-1,RT-DETR,0,0,0,0,0,0,68.7248706817627,14.550773105570453
-1,RT-DETR,0,0,0,0,0,0,66.92767143249512,14.94150294782965
-1,RT-DETR,0,0,0,0,0,0,64.18943405151367,15.578887939679827
-1,RT-DETR,0,0,0,0,0,0,63.13490867614746,15.83909790904319
-1,RT-DETR,0,0,0,0,0,0,64.26143646240234,15.56143240876779
-1,RT-DETR,0,0,0,0,0,0,67.83008575439453,14.742720562390158
-1,RT-DETR,0,0,0,0,0,0,68.85957717895508,14.522308166388521
-1,RT-DETR,0,0,0,0,0,0,69.61321830749512,14.365087900157203
-1,RT-DETR,0,0,0,0,0,0,62.520742416381836,15.994691703116718
-1,RT-DETR,0,0,0,0,0,0,65.2458667755127,15.32664135554573
-1,RT-DETR,0,0,0,0,0,0,64.6810531616211,15.460478008935022
-1,RT-DETR,0,0,0,0,0,0,64.99433517456055,15.385956288562982
-1,RT-DETR,0,0,0,0,0,0,65.45209884643555,15.278348863131361
-1,RT-DETR,0,0,0,0,0,0,64.13388252258301,15.592382071175514
-1,RT-DETR,0,0,0,0,0,0,63.007354736328125,15.871163044136344
-1,RT-DETR,0,0,0,0,0,0,64.95094299316406,15.396235280298358
-1,RT-DETR,0,0,0,0,0,0,65.77467918395996,15.203418890165617
-1,RT-DETR,0,0,0,0,0,0,65.02199172973633,15.379412001965372
-1,RT-DETR,0,0,0,0,0,0,65.72651863098145,15.214559067314285
-1,RT-DETR,0,0,0,0,0,0,64.41974639892578,15.523190572769398
-1,RT-DETR,0,0,0,0,0,0,60.27793884277344,16.589817422396607
-1,RT-DETR,0,0,0,0,0,0,86.6851806640625,11.535997183594437
-1,RT-DETR,0,0,0,0,0,0,67.08168983459473,14.907197514936326
-1,RT-DETR,0,0,0,0,0,0,73.64106178283691,13.579380522091604
-1,RT-DETR,0,0,0,0,0,0,70.5866813659668,14.166978538279144
-1,RT-DETR,0,0,0,0,0,0,68.76444816589355,14.542398385681942
-1,RT-DETR,0,0,0,0,0,0,67.14677810668945,14.892747324541782
-1,RT-DETR,0,0,0,0,0,0,65.29808044433594,15.3143858624215
-1,RT-DETR,0,0,0,0,0,0,67.84296035766602,14.739922826598818
-1,RT-DETR,0,0,0,0,0,0,62.86334991455078,15.907520063109668
-1,RT-DETR,0,0,0,0,0,0,64.05973434448242,15.61043001868352
-1,RT-DETR,0,0,0,0,0,0,69.46492195129395,14.395755035918135
-1,RT-DETR,0,0,0,0,0,0,65.26041030883789,15.32322575459773
-1,RT-DETR,0,0,0,0,0,0,65.34171104431152,15.304159992410504
-1,RT-DETR,0,0,0,0,0,0,60.16850471496582,16.619990886216392
-1,RT-DETR,0,0,0,0,0,0,75.78849792480469,13.194614319869133
-1,RT-DETR,0,0,0,0,0,0,65.95516204833984,15.161815526540291
-1,RT-DETR,0,0,0,0,0,0,59.97657775878906,16.673175385593893
-1,RT-DETR,0,0,0,0,0,0,68.93181800842285,14.507088727556974
-1,RT-DETR,0,0,0,0,0,0,62.943220138549805,15.887334613621816
-1,RT-DETR,0,0,0,0,0,0,69.97561454772949,14.290692642905087
-1,RT-DETR,0,0,0,0,0,0,86.09628677368164,11.614902773085507
-1,RT-DETR,0,0,0,0,0,0,69.46778297424316,14.395162148341107
-1,RT-DETR,0,0,0,0,0,0,66.45584106445312,15.047586246484128
-1,RT-DETR,0,0,0,0,0,0,66.23697280883789,15.097308309756746
-1,RT-DETR,0,0,0,0,0,0,61.51580810546875,16.2559841250155
-1,RT-DETR,0,0,0,0,0,0,69.0622329711914,14.479693994504053
-1,RT-DETR,0,0,0,0,0,0,67.38495826721191,14.84010713540174
-1,RT-DETR,0,0,0,0,0,0,63.13896179199219,15.838081140682114
-1,RT-DETR,0,0,0,0,0,0,83.85252952575684,11.925698671890771
-1,RT-DETR,0,0,0,0,0,0,74.84269142150879,13.361358083290593
-1,RT-DETR,0,0,0,0,0,0,78.35006713867188,12.763230926530015
-1,RT-DETR,0,0,0,0,0,0,63.770294189453125,15.681282526769158
-1,RT-DETR,0,0,0,0,0,0,70.3892707824707,14.206710609211676
-1,RT-DETR,0,0,0,0,0,0,60.97698211669922,16.399630898199845
-1,RT-DETR,0,0,0,0,0,0,67.59905815124512,14.793105515798977
-1,RT-DETR,0,0,0,0,0,0,79.87618446350098,12.519376165957764
-1,RT-DETR,0,0,0,0,0,0,70.74165344238281,14.135943271589959
-1,RT-DETR,0,0,0,0,0,0,69.52691078186035,14.382920062959293
-1,RT-DETR,0,0,0,0,0,0,67.0466423034668,14.914990007609862
-1,RT-DETR,0,0,0,0,0,0,84.3815803527832,11.8509276055176
-1,RT-DETR,0,0,0,0,0,0,65.65332412719727,15.231521225986855
-1,RT-DETR,0,0,0,0,0,0,73.48775863647461,13.60770852934497
-1,RT-DETR,0,0,0,0,0,0,76.30705833435059,13.104947587133461
-1,RT-DETR,0,0,0,0,0,0,69.56124305725098,14.375821305794812
-1,RT-DETR,0,0,0,0,0,0,66.61415100097656,15.011825340014317
-1,RT-DETR,0,0,0,0,0,0,63.91739845275879,15.645192454744507
-1,RT-DETR,0,0,0,0,0,0,73.51970672607422,13.601795280901792
-1,RT-DETR,0,0,0,0,0,0,62.96658515930176,15.881439297844386
-1,RT-DETR,0,0,0,0,0,0,66.77389144897461,14.975913164566002
-1,RT-DETR,0,0,0,0,0,0,79.80728149414062,12.530184981597438
-1,RT-DETR,0,0,0,0,0,0,73.05335998535156,13.688624317902926
-1,RT-DETR,0,0,0,0,0,0,67.32988357543945,14.85224608890872
-1,RT-DETR,0,0,0,0,0,0,81.41279220581055,12.283081969133452
-1,RT-DETR,0,0,0,0,0,0,71.19107246398926,14.046705090808013
-1,RT-DETR,0,0,0,0,0,0,66.52498245239258,15.031946843663315
-1,RT-DETR,0,0,0,0,0,0,64.91351127624512,15.405113362985599
-1,RT-DETR,0,0,0,0,0,0,82.37981796264648,12.138895481092595
-1,RT-DETR,0,0,0,0,0,0,79.91361618041992,12.513512062103574
-1,RT-DETR,0,0,0,0,0,0,72.74007797241211,13.74757943453493
-1,RT-DETR,0,0,0,0,0,0,67.95692443847656,14.715203906929748
-1,RT-DETR,0,0,0,0,0,0,66.4820671081543,15.041650229875989
-1,RT-DETR,0,0,0,0,0,0,61.78998947143555,16.183851276787852
-1,RT-DETR,0,0,0,0,0,0,66.72239303588867,14.98747203899176
-1,RT-DETR,0,0,0,0,0,0,73.82965087890625,13.54469360338948
-1,RT-DETR,0,0,0,0,0,0,75.7300853729248,13.20479166338722
-1,RT-DETR,0,0,0,0,0,0,71.21062278747559,14.042848677007758
-1,RT-DETR,0,0,0,0,0,0,73.65560531616211,13.5766992302563
-1,RT-DETR,0,0,0,0,0,0,89.77007865905762,11.139569163105573
-1,RT-DETR,0,0,0,0,0,0,75.69670677185059,13.210614340383312
-1,RT-DETR,0,0,0,0,0,0,74.22184944152832,13.473121560892874
-1,RT-DETR,0,0,0,0,0,0,102.89621353149414,9.71853060165254
-1,RT-DETR,0,0,0,0,0,0,64.68725204467773,15.458996454345085
-1,RT-DETR,0,0,0,0,0,0,77.35991477966309,12.926591282425857
-1,RT-DETR,0,0,0,0,0,0,65.49549102783203,15.268226626090248
-1,RT-DETR,0,0,0,0,0,0,63.86065483093262,15.659094048556847
-1,RT-DETR,0,0,0,0,0,0,67.61932373046875,14.788672007221031
-1,RT-DETR,0,0,0,0,0,0,67.22235679626465,14.87600327716518
-1,RT-DETR,0,0,0,0,0,0,61.76495552062988,16.19041075267987
-1,RT-DETR,0,0,0,0,0,0,74.63598251342773,13.398363179852163
-1,RT-DETR,0,0,0,0,0,0,70.05023956298828,14.275468667038787
-1,RT-DETR,0,0,0,0,0,0,64.28837776184082,15.55491108679931
-1,RT-DETR,0,0,0,0,0,0,74.0349292755127,13.50713791160132
-1,RT-DETR,0,0,0,0,0,0,78.1397819519043,12.797578583153822
-1,RT-DETR,0,0,0,0,0,0,74.20682907104492,13.475848685605598
-1,RT-DETR,0,0,0,0,0,0,97.11980819702148,10.296560697189149
-1,RT-DETR,0,0,0,0,0,0,73.66776466369629,13.574458307037558
-1,RT-DETR,0,0,0,0,0,0,66.05029106140137,15.13997870305196
-1,RT-DETR,0,0,0,0,0,0,84.26523208618164,11.867290639836575
-1,RT-DETR,0,0,0,0,0,0,69.21172142028809,14.448419710983655
-1,RT-DETR,0,0,0,0,0,0,69.03553009033203,14.48529472709942
-1,RT-DETR,0,0,0,0,0,0,68.06230545043945,14.69242032549374
-1,RT-DETR,0,0,0,0,0,0,72.66688346862793,13.76142683250926
-1,RT-DETR,0,0,0,0,0,0,69.14377212524414,14.462618530395504
-1,RT-DETR,0,0,0,0,0,0,77.89111137390137,12.838435379355309
-1,RT-DETR,0,0,0,0,0,0,79.82254028320312,12.52778972520908
-1,RT-DETR,0,0,0,0,0,0,75.34098625183105,13.272987914671695
-1,RT-DETR,0,0,0,0,0,0,62.20197677612305,16.076659486228124
-1,RT-DETR,0,0,0,0,0,0,98.36554527282715,10.166161304005332
-1,RT-DETR,0,0,0,0,0,0,87.80694007873535,11.388621435883232
-1,RT-DETR,0,0,0,0,0,0,69.32735443115234,14.424320792351606
-1,RT-DETR,0,0,0,0,0,0,67.21210479736328,14.87827234416902
-1,RT-DETR,0,0,0,0,0,0,66.90502166748047,14.946561185945406
-1,RT-DETR,0,0,0,0,0,0,69.46849822998047,14.395013934077399
-1,RT-DETR,0,0,0,0,0,0,83.97555351257324,11.908227551608515
-1,RT-DETR,0,0,0,0,0,0,77.73828506469727,12.86367456096768
-1,RT-DETR,0,0,0,0,0,0,68.58468055725098,14.58051553021744
-1,RT-DETR,0,0,0,0,0,0,77.54087448120117,12.896424069120314
-1,RT-DETR,0,0,0,0,0,0,65.57416915893555,15.249907285538725
-1,RT-DETR,0,0,0,0,0,0,69.14544105529785,14.462269453169986
-1,RT-DETR,0,0,0,0,0,0,68.8486099243164,14.524621500699514
-1,RT-DETR,0,0,0,0,0,0,81.29477500915527,12.300913556712368
-1,RT-DETR,0,0,0,0,0,0,92.78249740600586,10.77789483962812
-1,RT-DETR,0,0,0,0,0,0,66.65635108947754,15.002321364060705
-1,RT-DETR,0,0,0,0,0,0,64.31150436401367,15.549317495977638
-1,RT-DETR,0,0,0,0,0,0,75.87790489196777,13.179067100281221
-1,RT-DETR,0,0,0,0,0,0,71.16317749023438,14.052211203430716
-1,RT-DETR,0,0,0,0,0,0,61.154842376708984,16.35193487770076
-1,RT-DETR,0,0,0,0,0,0,62.7596378326416,15.933807691284906
-1,RT-DETR,0,0,0,0,0,0,66.73336029052734,14.985008931761344
-1,RT-DETR,0,0,0,0,0,0,62.24703788757324,16.06502146826871
-1,RT-DETR,0,0,0,0,0,0,76.85518264770508,13.011484268847292
-1,RT-DETR,0,0,0,0,0,0,73.64153861999512,13.579292594091461
-1,RT-DETR,0,0,0,0,0,0,80.26123046875,12.459315589353611
-1,RT-DETR,0,0,0,0,0,0,62.99114227294922,15.875247914490318
-1,RT-DETR,0,0,0,0,0,0,63.09032440185547,15.850290983296803
-1,RT-DETR,0,0,0,0,0,0,95.99542617797852,10.417162981765077
-1,RT-DETR,0,0,0,0,0,0,81.4049243927002,12.284269133105083
-1,RT-DETR,0,0,0,0,0,0,64.83125686645508,15.424658541787718
-1,RT-DETR,0,0,0,0,0,0,64.94784355163574,15.396970019566023
-1,RT-DETR,0,0,0,0,0,0,69.68808174133301,14.349655995867161
-1,RT-DETR,0,0,0,0,0,0,65.52720069885254,15.260838084565258
-1,RT-DETR,0,0,0,0,0,0,87.33105659484863,11.450680193178686
-1,RT-DETR,0,0,0,0,0,0,63.78459930419922,15.677765650464243
-1,RT-DETR,0,0,0,0,0,0,68.72892379760742,14.549915010233462
-1,RT-DETR,0,0,0,0,0,0,95.33095359802246,10.489772337919254
-1,RT-DETR,0,0,0,0,0,0,60.715436935424805,16.470275937626393
-1,RT-DETR,0,0,0,0,0,0,64.96334075927734,15.393297024325078
-1,RT-DETR,0,0,0,0,0,0,66.71762466430664,14.988543207758886
-1,RT-DETR,0,0,0,0,0,0,209.9156379699707,4.763818501902437
-1,RT-DETR,0,0,0,0,0,0,145.9498405456543,6.851669013555324
-1,RT-DETR,0,0,0,0,0,0,182.21378326416016,5.488059037500327
-1,RT-DETR,0,0,0,0,0,0,141.33596420288086,7.075339993184954
-1,RT-DETR,0,0,0,0,0,0,148.1935977935791,6.7479298356256505
-1,RT-DETR,0,0,0,0,0,0,179.5496940612793,5.569488743649464
-1,RT-DETR,0,0,0,0,0,0,181.2739372253418,5.516512827527429
-1,RT-DETR,0,0,0,0,0,0,148.4661102294922,6.735543879032361
-1,RT-DETR,0,0,0,0,0,0,143.62335205078125,6.96265604249668
